"0","library(ez)"
"0","library(ggplot2)"
"0","library(nlme)"
"0","library(pastecs)"
"0","library(reshape2)"
"0","library(WRS)"
"0","library(clinfun)"
"0","library(pgirmess)"
"0","library(car)"
"0","library(tidyverse)"
"0","# install.packages('mvoutlier')"
"0","library(mvoutlier)"
"0","library(gmodels)"
"0","library(MASS)"
"0","library(nlme) # 다층모형을 위해"
"0","library(QuantPsyc)"
"0","library(boot)"
"0","# install.packages('epiDisplay')"
"0","library(epiDisplay)"
"0","library(knitr)"
"0","# install.packages('mlogit')"
"0","library(mlogit)"
